{
    "region": [
        [
            30.321686,
            120.36315
        ],
        [
            30.320171,
            120.36396
        ]
    ],
    "speed": {
        "init": 3,
        "ave": 2.6,
        "step": 0.1
    },
    "divide_num": 16,
    "target": 3100,
    "keymap": {
        "start": "f1",
        "test": "f2",
        "stop": "f8"
    }
}